file,origin,source,round,sanitizer_kind,deduped_to,scan_sha256
canonical.txt,content,seed_pool/content/initial_content.yaml,,,,537753b16bbe6afe
canonical.txt,content,local_seed_pool/content/initial_content.yaml,,,deduped,537753b16bbe6afe
initial.sched,event,seed_pool/event/initial_event.yaml,,,,-
initial.sched,event,local_seed_pool/event/initial_event.yaml,,,deduped,-
event_round_1.sched,event,seed_pool/interesting_event/event_round_1.yaml,,,,-
event_round_10.sched,event,seed_pool/interesting_event/event_round_10.yaml,,,,-
event_round_10.sched,event,seed_pool/interesting_event/event_round_11.yaml,,,deduped,-
event_round_1.sched,event,seed_pool/interesting_event/event_round_12.yaml,,,deduped,-
event_round_13.sched,event,seed_pool/interesting_event/event_round_13.yaml,,,,-
event_round_13.sched,event,seed_pool/interesting_event/event_round_14.yaml,,,deduped,-
event_round_10.sched,event,seed_pool/interesting_event/event_round_15.yaml,,,deduped,-
event_round_1.sched,event,seed_pool/interesting_event/event_round_16.yaml,,,deduped,-
event_round_10.sched,event,seed_pool/interesting_event/event_round_17.yaml,,,deduped,-
event_round_10.sched,event,seed_pool/interesting_event/event_round_18.yaml,,,deduped,-
event_round_19.sched,event,seed_pool/interesting_event/event_round_19.yaml,,,,-
event_round_10.sched,event,seed_pool/interesting_event/event_round_2.yaml,,,deduped,-
event_round_10.sched,event,seed_pool/interesting_event/event_round_20.yaml,,,deduped,-
event_round_21.sched,event,seed_pool/interesting_event/event_round_21.yaml,,,,-
event_round_1.sched,event,seed_pool/interesting_event/event_round_22.yaml,,,deduped,-
event_round_10.sched,event,seed_pool/interesting_event/event_round_23.yaml,,,deduped,-
event_round_1.sched,event,seed_pool/interesting_event/event_round_24.yaml,,,deduped,-
event_round_1.sched,event,seed_pool/interesting_event/event_round_3.yaml,,,deduped,-
event_round_10.sched,event,seed_pool/interesting_event/event_round_4.yaml,,,deduped,-
event_round_1.sched,event,seed_pool/interesting_event/event_round_5.yaml,,,deduped,-
event_round_10.sched,event,seed_pool/interesting_event/event_round_6.yaml,,,deduped,-
event_round_1.sched,event,seed_pool/interesting_event/event_round_7.yaml,,,deduped,-
initial.sched,event,seed_pool/interesting_event/event_round_8.yaml,,,deduped,-
event_round_10.sched,event,seed_pool/interesting_event/event_round_9.yaml,,,deduped,-
initial.sched,event,local_seed_pool/interesting_event/event_round_1.yaml,,,deduped,-
initial.sched,event,local_seed_pool/interesting_event/event_round_10.yaml,,,deduped,-
initial.sched,event,local_seed_pool/interesting_event/event_round_100.yaml,,,deduped,-
initial.sched,event,local_seed_pool/interesting_event/event_round_11.yaml,,,deduped,-
initial.sched,event,local_seed_pool/interesting_event/event_round_12.yaml,,,deduped,-
local_event_round_13.sched,event,local_seed_pool/interesting_event/event_round_13.yaml,,,,-
initial.sched,event,local_seed_pool/interesting_event/event_round_14.yaml,,,deduped,-
initial.sched,event,local_seed_pool/interesting_event/event_round_15.yaml,,,deduped,-
initial.sched,event,local_seed_pool/interesting_event/event_round_16.yaml,,,deduped,-
initial.sched,event,local_seed_pool/interesting_event/event_round_17.yaml,,,deduped,-
initial.sched,event,local_seed_pool/interesting_event/event_round_18.yaml,,,deduped,-
initial.sched,event,local_seed_pool/interesting_event/event_round_19.yaml,,,deduped,-
initial.sched,event,local_seed_pool/interesting_event/event_round_2.yaml,,,deduped,-
local_event_round_20.sched,event,local_seed_pool/interesting_event/event_round_20.yaml,,,,-
initial.sched,event,local_seed_pool/interesting_event/event_round_21.yaml,,,deduped,-
initial.sched,event,local_seed_pool/interesting_event/event_round_22.yaml,,,deduped,-
initial.sched,event,local_seed_pool/interesting_event/event_round_23.yaml,,,deduped,-
initial.sched,event,local_seed_pool/interesting_event/event_round_24.yaml,,,deduped,-
local_event_round_25.sched,event,local_seed_pool/interesting_event/event_round_25.yaml,,,,-
initial.sched,event,local_seed_pool/interesting_event/event_round_26.yaml,,,deduped,-
initial.sched,event,local_seed_pool/interesting_event/event_round_27.yaml,,,deduped,-
local_event_round_25.sched,event,local_seed_pool/interesting_event/event_round_28.yaml,,,deduped,-
initial.sched,event,local_seed_pool/interesting_event/event_round_29.yaml,,,deduped,-
initial.sched,event,local_seed_pool/interesting_event/event_round_3.yaml,,,deduped,-
initial.sched,event,local_seed_pool/interesting_event/event_round_30.yaml,,,deduped,-
initial.sched,event,local_seed_pool/interesting_event/event_round_31.yaml,,,deduped,-
initial.sched,event,local_seed_pool/interesting_event/event_round_32.yaml,,,deduped,-
initial.sched,event,local_seed_pool/interesting_event/event_round_35.yaml,,,deduped,-
local_event_round_36.sched,event,local_seed_pool/interesting_event/event_round_36.yaml,,,,-
initial.sched,event,local_seed_pool/interesting_event/event_round_37.yaml,,,deduped,-
initial.sched,event,local_seed_pool/interesting_event/event_round_38.yaml,,,deduped,-
initial.sched,event,local_seed_pool/interesting_event/event_round_39.yaml,,,deduped,-
initial.sched,event,local_seed_pool/interesting_event/event_round_4.yaml,,,deduped,-
initial.sched,event,local_seed_pool/interesting_event/event_round_40.yaml,,,deduped,-
local_event_round_25.sched,event,local_seed_pool/interesting_event/event_round_41.yaml,,,deduped,-
initial.sched,event,local_seed_pool/interesting_event/event_round_42.yaml,,,deduped,-
initial.sched,event,local_seed_pool/interesting_event/event_round_43.yaml,,,deduped,-
initial.sched,event,local_seed_pool/interesting_event/event_round_44.yaml,,,deduped,-
local_event_round_25.sched,event,local_seed_pool/interesting_event/event_round_45.yaml,,,deduped,-
initial.sched,event,local_seed_pool/interesting_event/event_round_46.yaml,,,deduped,-
local_event_round_25.sched,event,local_seed_pool/interesting_event/event_round_47.yaml,,,deduped,-
initial.sched,event,local_seed_pool/interesting_event/event_round_48.yaml,,,deduped,-
local_event_round_13.sched,event,local_seed_pool/interesting_event/event_round_49.yaml,,,deduped,-
initial.sched,event,local_seed_pool/interesting_event/event_round_5.yaml,,,deduped,-
local_event_round_25.sched,event,local_seed_pool/interesting_event/event_round_50.yaml,,,deduped,-
initial.sched,event,local_seed_pool/interesting_event/event_round_52.yaml,,,deduped,-
initial.sched,event,local_seed_pool/interesting_event/event_round_6.yaml,,,deduped,-
initial.sched,event,local_seed_pool/interesting_event/event_round_7.yaml,,,deduped,-
initial.sched,event,local_seed_pool/interesting_event/event_round_8.yaml,,,deduped,-
initial.sched,event,local_seed_pool/interesting_event/event_round_9.yaml,,,deduped,-
canonical.txt,bug_candidate,local_seed_pool/bug_candidates/round_1/content.yaml,1,tsan,deduped,537753b16bbe6afe
initial.sched,bug_candidate,local_seed_pool/bug_candidates/round_1,1,tsan,deduped,-
canonical.txt,bug_candidate,local_seed_pool/bug_candidates/round_10/content.yaml,10,tsan,deduped,537753b16bbe6afe
initial.sched,bug_candidate,local_seed_pool/bug_candidates/round_10,10,tsan,deduped,-
canonical.txt,bug_candidate,local_seed_pool/bug_candidates/round_100/content.yaml,100,tsan,deduped,537753b16bbe6afe
initial.sched,bug_candidate,local_seed_pool/bug_candidates/round_100,100,tsan,deduped,-
canonical.txt,bug_candidate,local_seed_pool/bug_candidates/round_11/content.yaml,11,tsan,deduped,537753b16bbe6afe
initial.sched,bug_candidate,local_seed_pool/bug_candidates/round_11,11,tsan,deduped,-
canonical.txt,bug_candidate,local_seed_pool/bug_candidates/round_12/content.yaml,12,tsan,deduped,537753b16bbe6afe
initial.sched,bug_candidate,local_seed_pool/bug_candidates/round_12,12,tsan,deduped,-
canonical.txt,bug_candidate,local_seed_pool/bug_candidates/round_13/content.yaml,13,tsan,deduped,537753b16bbe6afe
local_event_round_13.sched,bug_candidate,local_seed_pool/bug_candidates/round_13,13,tsan,deduped,-
canonical.txt,bug_candidate,local_seed_pool/bug_candidates/round_14/content.yaml,14,tsan,deduped,537753b16bbe6afe
initial.sched,bug_candidate,local_seed_pool/bug_candidates/round_14,14,tsan,deduped,-
canonical.txt,bug_candidate,local_seed_pool/bug_candidates/round_15/content.yaml,15,tsan,deduped,537753b16bbe6afe
initial.sched,bug_candidate,local_seed_pool/bug_candidates/round_15,15,tsan,deduped,-
canonical.txt,bug_candidate,local_seed_pool/bug_candidates/round_16/content.yaml,16,tsan,deduped,537753b16bbe6afe
initial.sched,bug_candidate,local_seed_pool/bug_candidates/round_16,16,tsan,deduped,-
canonical.txt,bug_candidate,local_seed_pool/bug_candidates/round_17/content.yaml,17,tsan,deduped,537753b16bbe6afe
initial.sched,bug_candidate,local_seed_pool/bug_candidates/round_17,17,tsan,deduped,-
canonical.txt,bug_candidate,local_seed_pool/bug_candidates/round_18/content.yaml,18,tsan,deduped,537753b16bbe6afe
initial.sched,bug_candidate,local_seed_pool/bug_candidates/round_18,18,tsan,deduped,-
canonical.txt,bug_candidate,local_seed_pool/bug_candidates/round_19/content.yaml,19,tsan,deduped,537753b16bbe6afe
initial.sched,bug_candidate,local_seed_pool/bug_candidates/round_19,19,tsan,deduped,-
canonical.txt,bug_candidate,local_seed_pool/bug_candidates/round_2/content.yaml,2,tsan,deduped,537753b16bbe6afe
initial.sched,bug_candidate,local_seed_pool/bug_candidates/round_2,2,tsan,deduped,-
canonical.txt,bug_candidate,local_seed_pool/bug_candidates/round_20/content.yaml,20,tsan,deduped,537753b16bbe6afe
local_event_round_20.sched,bug_candidate,local_seed_pool/bug_candidates/round_20,20,tsan,deduped,-
canonical.txt,bug_candidate,local_seed_pool/bug_candidates/round_21/content.yaml,21,tsan,deduped,537753b16bbe6afe
initial.sched,bug_candidate,local_seed_pool/bug_candidates/round_21,21,tsan,deduped,-
canonical.txt,bug_candidate,local_seed_pool/bug_candidates/round_22/content.yaml,22,tsan,deduped,537753b16bbe6afe
initial.sched,bug_candidate,local_seed_pool/bug_candidates/round_22,22,tsan,deduped,-
canonical.txt,bug_candidate,local_seed_pool/bug_candidates/round_23/content.yaml,23,tsan,deduped,537753b16bbe6afe
initial.sched,bug_candidate,local_seed_pool/bug_candidates/round_23,23,tsan,deduped,-
canonical.txt,bug_candidate,local_seed_pool/bug_candidates/round_24/content.yaml,24,tsan,deduped,537753b16bbe6afe
initial.sched,bug_candidate,local_seed_pool/bug_candidates/round_24,24,tsan,deduped,-
bug_round_25.txt,bug_candidate,local_seed_pool/bug_candidates/round_25/content.yaml,25,tsan,,34968ecec0c4150d
local_event_round_25.sched,bug_candidate,local_seed_pool/bug_candidates/round_25,25,tsan,deduped,-
canonical.txt,bug_candidate,local_seed_pool/bug_candidates/round_26/content.yaml,26,tsan,deduped,537753b16bbe6afe
initial.sched,bug_candidate,local_seed_pool/bug_candidates/round_26,26,tsan,deduped,-
canonical.txt,bug_candidate,local_seed_pool/bug_candidates/round_27/content.yaml,27,tsan,deduped,537753b16bbe6afe
initial.sched,bug_candidate,local_seed_pool/bug_candidates/round_27,27,tsan,deduped,-
canonical.txt,bug_candidate,local_seed_pool/bug_candidates/round_28/content.yaml,28,tsan,deduped,537753b16bbe6afe
local_event_round_25.sched,bug_candidate,local_seed_pool/bug_candidates/round_28,28,tsan,deduped,-
canonical.txt,bug_candidate,local_seed_pool/bug_candidates/round_29/content.yaml,29,tsan,deduped,537753b16bbe6afe
initial.sched,bug_candidate,local_seed_pool/bug_candidates/round_29,29,tsan,deduped,-
canonical.txt,bug_candidate,local_seed_pool/bug_candidates/round_3/content.yaml,3,tsan,deduped,537753b16bbe6afe
initial.sched,bug_candidate,local_seed_pool/bug_candidates/round_3,3,tsan,deduped,-
bug_round_30.txt,bug_candidate,local_seed_pool/bug_candidates/round_30/content.yaml,30,tsan,,2ed917ca3e5eb112
initial.sched,bug_candidate,local_seed_pool/bug_candidates/round_30,30,tsan,deduped,-
canonical.txt,bug_candidate,local_seed_pool/bug_candidates/round_31/content.yaml,31,tsan,deduped,537753b16bbe6afe
initial.sched,bug_candidate,local_seed_pool/bug_candidates/round_31,31,tsan,deduped,-
canonical.txt,bug_candidate,local_seed_pool/bug_candidates/round_32/content.yaml,32,tsan,deduped,537753b16bbe6afe
initial.sched,bug_candidate,local_seed_pool/bug_candidates/round_32,32,tsan,deduped,-
canonical.txt,bug_candidate,local_seed_pool/bug_candidates/round_33/content.yaml,33,tsan,deduped,537753b16bbe6afe
initial.sched,bug_candidate,local_seed_pool/bug_candidates/round_33,33,tsan,deduped,-
canonical.txt,bug_candidate,local_seed_pool/bug_candidates/round_34/content.yaml,34,tsan,deduped,537753b16bbe6afe
initial.sched,bug_candidate,local_seed_pool/bug_candidates/round_34,34,tsan,deduped,-
canonical.txt,bug_candidate,local_seed_pool/bug_candidates/round_35/content.yaml,35,tsan,deduped,537753b16bbe6afe
initial.sched,bug_candidate,local_seed_pool/bug_candidates/round_35,35,tsan,deduped,-
canonical.txt,bug_candidate,local_seed_pool/bug_candidates/round_36/content.yaml,36,tsan,deduped,537753b16bbe6afe
local_event_round_36.sched,bug_candidate,local_seed_pool/bug_candidates/round_36,36,tsan,deduped,-
canonical.txt,bug_candidate,local_seed_pool/bug_candidates/round_37/content.yaml,37,tsan,deduped,537753b16bbe6afe
initial.sched,bug_candidate,local_seed_pool/bug_candidates/round_37,37,tsan,deduped,-
canonical.txt,bug_candidate,local_seed_pool/bug_candidates/round_38/content.yaml,38,tsan,deduped,537753b16bbe6afe
initial.sched,bug_candidate,local_seed_pool/bug_candidates/round_38,38,tsan,deduped,-
canonical.txt,bug_candidate,local_seed_pool/bug_candidates/round_39/content.yaml,39,tsan,deduped,537753b16bbe6afe
initial.sched,bug_candidate,local_seed_pool/bug_candidates/round_39,39,tsan,deduped,-
canonical.txt,bug_candidate,local_seed_pool/bug_candidates/round_4/content.yaml,4,tsan,deduped,537753b16bbe6afe
initial.sched,bug_candidate,local_seed_pool/bug_candidates/round_4,4,tsan,deduped,-
canonical.txt,bug_candidate,local_seed_pool/bug_candidates/round_40/content.yaml,40,tsan,deduped,537753b16bbe6afe
initial.sched,bug_candidate,local_seed_pool/bug_candidates/round_40,40,tsan,deduped,-
canonical.txt,bug_candidate,local_seed_pool/bug_candidates/round_41/content.yaml,41,tsan,deduped,537753b16bbe6afe
local_event_round_25.sched,bug_candidate,local_seed_pool/bug_candidates/round_41,41,tsan,deduped,-
canonical.txt,bug_candidate,local_seed_pool/bug_candidates/round_42/content.yaml,42,tsan,deduped,537753b16bbe6afe
initial.sched,bug_candidate,local_seed_pool/bug_candidates/round_42,42,tsan,deduped,-
canonical.txt,bug_candidate,local_seed_pool/bug_candidates/round_43/content.yaml,43,tsan,deduped,537753b16bbe6afe
initial.sched,bug_candidate,local_seed_pool/bug_candidates/round_43,43,tsan,deduped,-
canonical.txt,bug_candidate,local_seed_pool/bug_candidates/round_44/content.yaml,44,tsan,deduped,537753b16bbe6afe
initial.sched,bug_candidate,local_seed_pool/bug_candidates/round_44,44,tsan,deduped,-
canonical.txt,bug_candidate,local_seed_pool/bug_candidates/round_45/content.yaml,45,tsan,deduped,537753b16bbe6afe
local_event_round_25.sched,bug_candidate,local_seed_pool/bug_candidates/round_45,45,tsan,deduped,-
canonical.txt,bug_candidate,local_seed_pool/bug_candidates/round_46/content.yaml,46,tsan,deduped,537753b16bbe6afe
initial.sched,bug_candidate,local_seed_pool/bug_candidates/round_46,46,tsan,deduped,-
canonical.txt,bug_candidate,local_seed_pool/bug_candidates/round_47/content.yaml,47,tsan,deduped,537753b16bbe6afe
local_event_round_25.sched,bug_candidate,local_seed_pool/bug_candidates/round_47,47,tsan,deduped,-
canonical.txt,bug_candidate,local_seed_pool/bug_candidates/round_48/content.yaml,48,tsan,deduped,537753b16bbe6afe
initial.sched,bug_candidate,local_seed_pool/bug_candidates/round_48,48,tsan,deduped,-
canonical.txt,bug_candidate,local_seed_pool/bug_candidates/round_49/content.yaml,49,tsan,deduped,537753b16bbe6afe
local_event_round_13.sched,bug_candidate,local_seed_pool/bug_candidates/round_49,49,tsan,deduped,-
canonical.txt,bug_candidate,local_seed_pool/bug_candidates/round_5/content.yaml,5,tsan,deduped,537753b16bbe6afe
initial.sched,bug_candidate,local_seed_pool/bug_candidates/round_5,5,tsan,deduped,-
canonical.txt,bug_candidate,local_seed_pool/bug_candidates/round_50/content.yaml,50,tsan,deduped,537753b16bbe6afe
local_event_round_25.sched,bug_candidate,local_seed_pool/bug_candidates/round_50,50,tsan,deduped,-
bug_round_51.txt,bug_candidate,local_seed_pool/bug_candidates/round_51/content.yaml,51,tsan,,3f448288be4b5589
initial.sched,bug_candidate,local_seed_pool/bug_candidates/round_51,51,tsan,deduped,-
canonical.txt,bug_candidate,local_seed_pool/bug_candidates/round_52/content.yaml,52,tsan,deduped,537753b16bbe6afe
initial.sched,bug_candidate,local_seed_pool/bug_candidates/round_52,52,tsan,deduped,-
canonical.txt,bug_candidate,local_seed_pool/bug_candidates/round_6/content.yaml,6,tsan,deduped,537753b16bbe6afe
initial.sched,bug_candidate,local_seed_pool/bug_candidates/round_6,6,tsan,deduped,-
canonical.txt,bug_candidate,local_seed_pool/bug_candidates/round_7/content.yaml,7,tsan,deduped,537753b16bbe6afe
initial.sched,bug_candidate,local_seed_pool/bug_candidates/round_7,7,tsan,deduped,-
canonical.txt,bug_candidate,local_seed_pool/bug_candidates/round_8/content.yaml,8,tsan,deduped,537753b16bbe6afe
initial.sched,bug_candidate,local_seed_pool/bug_candidates/round_8,8,tsan,deduped,-
canonical.txt,bug_candidate,local_seed_pool/bug_candidates/round_9/content.yaml,9,tsan,deduped,537753b16bbe6afe
initial.sched,bug_candidate,local_seed_pool/bug_candidates/round_9,9,tsan,deduped,-
canonical.txt,bug_candidate,seed_pool/bug_candidates/round_1/content.yaml,1,tsan,deduped,537753b16bbe6afe
event_round_1.sched,bug_candidate,seed_pool/bug_candidates/round_1,1,tsan,deduped,-
canonical.txt,bug_candidate,seed_pool/bug_candidates/round_10/content.yaml,10,tsan,deduped,537753b16bbe6afe
event_round_10.sched,bug_candidate,seed_pool/bug_candidates/round_10,10,tsan,deduped,-
canonical.txt,bug_candidate,seed_pool/bug_candidates/round_11/content.yaml,11,tsan,deduped,537753b16bbe6afe
event_round_10.sched,bug_candidate,seed_pool/bug_candidates/round_11,11,tsan,deduped,-
event_round_1.sched,bug_candidate,seed_pool/bug_candidates/round_12,12,tsan,deduped,-
canonical.txt,bug_candidate,seed_pool/bug_candidates/round_13/content.yaml,13,tsan,deduped,537753b16bbe6afe
event_round_13.sched,bug_candidate,seed_pool/bug_candidates/round_13,13,tsan,deduped,-
canonical.txt,bug_candidate,seed_pool/bug_candidates/round_14/content.yaml,14,tsan,deduped,537753b16bbe6afe
event_round_13.sched,bug_candidate,seed_pool/bug_candidates/round_14,14,tsan,deduped,-
canonical.txt,bug_candidate,seed_pool/bug_candidates/round_15/content.yaml,15,tsan,deduped,537753b16bbe6afe
event_round_10.sched,bug_candidate,seed_pool/bug_candidates/round_15,15,tsan,deduped,-
canonical.txt,bug_candidate,seed_pool/bug_candidates/round_16/content.yaml,16,tsan,deduped,537753b16bbe6afe
event_round_1.sched,bug_candidate,seed_pool/bug_candidates/round_16,16,tsan,deduped,-
canonical.txt,bug_candidate,seed_pool/bug_candidates/round_17/content.yaml,17,tsan,deduped,537753b16bbe6afe
event_round_10.sched,bug_candidate,seed_pool/bug_candidates/round_17,17,tsan,deduped,-
event_round_10.sched,bug_candidate,seed_pool/bug_candidates/round_18,18,tsan,deduped,-
event_round_19.sched,bug_candidate,seed_pool/bug_candidates/round_19,19,tsan,deduped,-
canonical.txt,bug_candidate,seed_pool/bug_candidates/round_2/content.yaml,2,tsan,deduped,537753b16bbe6afe
event_round_10.sched,bug_candidate,seed_pool/bug_candidates/round_2,2,tsan,deduped,-
event_round_10.sched,bug_candidate,seed_pool/bug_candidates/round_20,20,tsan,deduped,-
event_round_21.sched,bug_candidate,seed_pool/bug_candidates/round_21,21,tsan,deduped,-
canonical.txt,bug_candidate,seed_pool/bug_candidates/round_22/content.yaml,22,tsan,deduped,537753b16bbe6afe
event_round_1.sched,bug_candidate,seed_pool/bug_candidates/round_22,22,tsan,deduped,-
canonical.txt,bug_candidate,seed_pool/bug_candidates/round_23/content.yaml,23,tsan,deduped,537753b16bbe6afe
event_round_10.sched,bug_candidate,seed_pool/bug_candidates/round_23,23,tsan,deduped,-
canonical.txt,bug_candidate,seed_pool/bug_candidates/round_24/content.yaml,24,tsan,deduped,537753b16bbe6afe
event_round_1.sched,bug_candidate,seed_pool/bug_candidates/round_24,24,tsan,deduped,-
canonical.txt,bug_candidate,seed_pool/bug_candidates/round_3/content.yaml,3,tsan,deduped,537753b16bbe6afe
event_round_1.sched,bug_candidate,seed_pool/bug_candidates/round_3,3,tsan,deduped,-
canonical.txt,bug_candidate,seed_pool/bug_candidates/round_4/content.yaml,4,tsan,deduped,537753b16bbe6afe
event_round_10.sched,bug_candidate,seed_pool/bug_candidates/round_4,4,tsan,deduped,-
canonical.txt,bug_candidate,seed_pool/bug_candidates/round_5/content.yaml,5,tsan,deduped,537753b16bbe6afe
event_round_1.sched,bug_candidate,seed_pool/bug_candidates/round_5,5,tsan,deduped,-
canonical.txt,bug_candidate,seed_pool/bug_candidates/round_6/content.yaml,6,tsan,deduped,537753b16bbe6afe
event_round_10.sched,bug_candidate,seed_pool/bug_candidates/round_6,6,tsan,deduped,-
canonical.txt,bug_candidate,seed_pool/bug_candidates/round_7/content.yaml,7,tsan,deduped,537753b16bbe6afe
event_round_1.sched,bug_candidate,seed_pool/bug_candidates/round_7,7,tsan,deduped,-
initial.sched,bug_candidate,seed_pool/bug_candidates/round_8,8,tsan,deduped,-
event_round_10.sched,bug_candidate,seed_pool/bug_candidates/round_9,9,tsan,deduped,-
